Name,Start Salary,End Salary,Expected Salary,Education,Responsibility,Effort,Average Workplace Salary,Average Other Salary,Condition,Run ID
Arnault,54652.38363280972,55250,36000.0,high school,medium,low,68910.04451234521,70494.22905451582,open,726249
Roberta,73285.82840049143,64750,58799.99999999999,a Master's degree,high,low,68910.04451234521,68423.84630255119,open,726249
Andreas,78283.09621695284,60000,50400.0,a Master's degree,medium,low,68910.04451234521,67868.59432294437,open,726249
Anna,71633.36074218317,57120,94080.0,a PhD,high,high,68910.04451234521,68607.45382014099,open,726249
Josh,50329.93777520315,52480,50400.0,high school,medium,high,68910.04451234521,70974.50081647211,open,726249
Sabrina,31477.635493094298,47500,43200.0,high school,medium,medium,68910.04451234521,73069.20107003975,open,726249
Marc,87249.38181927818,90912,82319.99999999999,a Master's degree,high,high,68910.04451234521,66872.34036713044,open,726249
Camilla,68804.21702091047,70800,70560.0,a Master's degree,medium,high,68910.04451234521,68921.80312250463,open,726249
Max,110024.2638458653,53000,94080.0,a PhD,high,high,68910.04451234521,64341.79791973187,open,726249
Caroline,63360.34017666362,70000,70560.0,a Bachelor's degree,high,high,68910.04451234521,69526.67832742094,open,726249
Arnault,79600.259973708,67000,70560.0,a Bachelor's degree,high,high,60629.58690684305,58521.73434385806,open,9134390
Roberta,74199.40721483735,57750,60480.0,a Bachelor's degree,high,medium,60629.58690684305,59121.82909484368,open,9134390
Andreas,43670.58961822736,43500,43200.0,a Bachelor's degree,low,medium,60629.58690684305,62513.919938911466,open,9134390
Anna,46828.715578582654,57000,60480.0,a Bachelor's degree,high,medium,60629.58690684305,62163.017054427546,open,9134390
Josh,61434.197687379434,56000,60479.99999999999,a Bachelor's degree,medium,high,60629.58690684305,60540.18570900567,open,9134390
Sabrina,99535.84269464306,79000,80640.0,a PhD,medium,high,60629.58690684305,56306.66959708749,open,9134390
Marc,42240.21377612872,44000,42000.0,high school,low,high,60629.58690684305,62672.85058803353,open,9134390
Camilla,53401.22617959735,53000,50400.0,high school,medium,high,60629.58690684305,61432.73809875924,open,9134390
Max,62185.92886882363,49900,58799.99999999999,a Master's degree,high,low,60629.58690684305,60456.660022178534,open,9134390
Caroline,43199.48747650293,54260,48000.0,a PhD,low,low,60629.58690684305,62566.26462132529,open,9134390
Arnault,73024.53119059598,75628,69120.0,a PhD,medium,medium,76035.38611714836,76369.92555343195,open,29048
Roberta,55624.3851017595,55000,58799.99999999999,a Master's degree,low,high,76035.38611714836,78303.27511885823,open,29048
Andreas,93267.11875865968,52000,82319.99999999999,a Master's degree,high,high,76035.38611714836,74120.74915698043,open,29048
Anna,81774.05487463411,80000,82319.99999999999,a Master's degree,high,high,76035.38611714836,75397.75625520549,open,29048
Josh,90001.8260224512,50000,94080.0,a PhD,high,high,76035.38611714836,74483.55946100359,open,29048
Sabrina,60496.515625511674,62177,50400.0,a Bachelor's degree,low,high,76035.38611714836,77761.92728288576,open,29048
Marc,57673.83422848763,58480,60479.99999999999,a Bachelor's degree,medium,high,76035.38611714836,78075.55854922177,open,29048
Camilla,45040.9522898693,46000,42000.0,high school,high,low,76035.38611714836,79479.21209795713,open,29048
Max,138319.58976087678,70000,94080.0,a PhD,high,high,76035.38611714836,69114.91904562298,open,29048
Caroline,65131.05331863768,40200,36000.0,high school,low,medium,76035.38611714836,77246.9786503162,open,29048
Arnault,96518.30735404119,65000,80640.0,a PhD,medium,high,67166.33573537975,63905.005555528485,open,42125250
Roberta,49907.795726511154,62,42000.0,high school,low,high,67166.33573537975,69083.9512919207,open,42125250
Andreas,59533.60412238995,57000,50400.0,a Master's degree,medium,low,67166.33573537975,68014.41702571195,open,42125250
Anna,47132.77024539535,53500,43200.0,high school,medium,medium,67166.33573537975,69392.28745648912,open,42125250
Josh,54820.124135658065,56000,60480.0,a Bachelor's degree,high,medium,67166.33573537975,68538.13702423772,open,42125250
Sabrina,110422.64572328202,120000,80640.0,a PhD,medium,high,67166.33573537975,62360.07907005728,open,42125250
Marc,47067.69278473831,48750,48000.0,a PhD,low,low,67166.33573537975,69399.51828545103,open,42125250
Camilla,80611.10706319274,52500,50400.0,high school,high,medium,67166.33573537975,65672.47225451164,open,42125250
Max,49129.26457238385,53000,58799.99999999999,a Master's degree,high,low,67166.33573537975,69170.45475349041,open,42125250
Caroline,76520.0456262049,85000,94080.0,a PhD,high,high,67166.33573537975,66127.03463639918,open,42125250
Arnault,85783.61864928948,69000,69120.0,a PhD,medium,medium,66822.0028870313,64715.15669122483,open,326418
Roberta,96415.90308185952,86500,80640.0,a PhD,high,medium,66822.0028870313,63533.79175427261,open,326418
Andreas,47677.36898066893,50500,50400.0,a Bachelor's degree,low,high,66822.0028870313,68949.18443218266,open,326418
Anna,88114.92457520794,85000,82319.99999999999,a Master's degree,high,high,66822.0028870313,64456.12269945611,open,326418
Josh,49590.74212453932,58000,60480.0,a Master's degree,medium,medium,66822.0028870313,68736.58741619707,open,326418
Sabrina,50320.09623300985,51000,50400.0,a Bachelor's degree,low,high,66822.0028870313,68655.54807081146,open,326418
Marc,49175.107054622844,59000,60479.99999999999,a Bachelor's degree,medium,high,66822.0028870313,68782.76909063224,open,326418
Camilla,75280.34166898945,77000,70559.99999999999,a Master's degree,high,medium,66822.0028870313,65882.18746681372,open,326418
Max,95056.69744996267,85000,94080.0,a PhD,high,high,66822.0028870313,63684.81460226115,open,326418
Caroline,30805.229052162926,45000,36000.0,high school,medium,low,66822.0028870313,70823.86664646112,open,326418
Arnault,37309.77470668494,57000,36000.0,high school,low,medium,51887.56810635884,53507.32292854483,open,43543
Roberta,51969.81284983111,52500,50400.0,a Master's degree,medium,low,51887.56810635884,51878.42980152859,open,43543
Andreas,76988.22457410887,55000,58799.99999999999,a Master's degree,low,high,51887.56810635884,49098.606276608836,open,43543
Anna,61308.915939390274,54000,60480.0,a Master's degree,medium,medium,51887.56810635884,50840.75168046646,open,43543
Josh,45492.268340755094,46500,43200.0,a Bachelor's degree,low,medium,51887.56810635884,52598.1569692037,open,43543
Sabrina,28015.964641556435,29974,43200.0,a Bachelor's degree,low,medium,51887.56810635884,54539.968491336884,open,43543
Marc,61081.03238085919,56000,58799.99999999999,a Master's degree,low,high,51887.56810635884,50866.0720758588,open,43543
Camilla,24294.741425179647,28500,30000.0,high school,low,low,51887.56810635884,54953.43773760097,open,43543
Max,73428.2593849266,68000,60480.0,a Bachelor's degree,high,medium,51887.56810635884,49494.15796429576,open,43543
Caroline,58986.686820296236,50000,58799.99999999999,a Master's degree,high,low,51887.56810635884,51098.777138143574,open,43543
Arnault,43151.791729986864,50400,50400.0,a Master's degree,medium,low,56233.71802842312,57687.26539491604,open,70782
Roberta,49699.483716315364,55000,70560.0,a Bachelor's degree,high,high,56233.71802842312,56959.74406310176,open,70782
Andreas,53394.47136726888,51000,42000.0,high school,high,low,56233.71802842312,56549.18987966248,open,70782
Anna,53569.36364129825,53500,50400.0,high school,high,medium,56233.71802842312,56529.757404770324,open,70782
Josh,36098.43357062833,41500,50400.0,high school,high,medium,56233.71802842312,58470.971857066994,open,70782
Sabrina,43798.822455148504,42000,50400.0,a Master's degree,low,medium,56233.71802842312,57615.3730921203,open,70782
Marc,102564.90136070171,75000,80640.0,a PhD,medium,high,56233.71802842312,51085.80876928105,open,70782
Camilla,65285.00815420289,65000,80640.0,a PhD,high,medium,56233.71802842312,55228.0191255587,open,70782
Max,68001.78348232394,70042,69120.0,a PhD,medium,medium,56233.71802842312,54926.15520021192,open,70782
Caroline,46773.12080635648,57000,69120.0,a PhD,medium,medium,56233.71802842312,57284.895497541635,open,70782
Arnault,44372.850955156944,46000,36000.0,a Bachelor's degree,low,low,46454.73932988614,46686.06026041161,open,96329
Roberta,53381.100933778405,58000,69120.0,a PhD,medium,medium,46454.73932988614,45685.14359612033,open,96329
Andreas,99317.48069348061,80500,80640.0,a PhD,medium,high,46454.73932988614,40581.101400597865,open,96329
Anna,31476.1034967347,31750,30000.0,high school,low,low,46454.73932988614,48119.0322002363,open,96329
Josh,40160.99798943133,43000,43200.0,a Bachelor's degree,low,medium,46454.73932988614,47154.04392327001,open,96329
Sabrina,31841.728423654524,47000,36000.0,high school,low,medium,46454.73932988614,48078.40720835632,open,96329
Marc,32346.73555835616,45000,30000.0,high school,low,low,46454.73932988614,48022.295304500585,open,96329
Camilla,50323.844077346876,50000,50400.0,a Bachelor's degree,high,low,46454.73932988614,46024.8388023905,open,96329
Max,24714.809193173485,39800,43200.0,a Bachelor's degree,low,medium,46454.73932988614,48870.28712285421,open,96329
Caroline,56611.74197774839,54000,42000.0,high school,low,high,46454.73932988614,45326.18348012367,open,96329
Arnault,52607.084053477614,48200,50400.0,high school,high,medium,62205.84735817837,63272.37661425623,open,53719
Roberta,45235.597636111575,54500,60479.99999999999,a Bachelor's degree,medium,high,62205.84735817837,64091.43066063024,open,53719
Andreas,35726.61959754619,37500,36000.0,high school,medium,low,62205.84735817837,65147.98377602639,open,53719
Anna,62863.93121319763,66832,69120.0,a PhD,medium,medium,62205.84735817837,62132.726929842895,open,53719
Josh,146402.2088007833,94080,94080.0,a PhD,high,high,62205.84735817837,52850.696086777825,open,53719
Sabrina,63879.412933531916,58000,94080.0,a PhD,high,high,62205.84735817837,62019.89562758353,open,53719
Marc,68338.79052951033,54000,50400.0,a Master's degree,low,medium,62205.84735817837,61524.409228030374,open,53719
Camilla,48658.34753908057,51500,42000.0,high school,high,low,62205.84735817837,63711.12511585591,open,53719
Max,46794.540725336,56700,57600.0,a PhD,low,medium,62205.84735817837,63918.21476182753,open,53719
Caroline,51551.9405532086,48500,50400.0,a Bachelor's degree,low,high,62205.84735817837,63389.61478095279,open,53719
Arnault,59945.04464623764,67500,60479.99999999999,a Bachelor's degree,medium,high,59256.70588797246,59180.22380372077,open,720904
Roberta,79466.83854742444,85000,80640.0,a PhD,high,medium,59256.70588797246,57011.135592477796,open,720904
Andreas,52731.40150744155,53500,50400.0,a Master's degree,low,medium,59256.70588797246,59981.73970803145,open,720904
Anna,31692.90454687534,42000,42000.0,a Master's degree,low,low,59256.70588797246,62319.35048142769,open,720904
Josh,38295.280510912715,44000,42000.0,a Master's degree,low,low,59256.70588797246,61585.753152090205,open,720904
Sabrina,84074.10984595903,55972,70560.0,a Bachelor's degree,high,high,59256.70588797246,56499.216559307286,open,720904
Marc,88112.42345710986,52000,60480.0,a Master's degree,medium,medium,59256.70588797246,56050.515046957196,open,720904
Camilla,39038.38450634695,44500,42000.0,a Master's degree,low,low,59256.70588797246,61503.1860414864,open,720904
Max,59542.82392099234,59000,58799.99999999999,a Master's degree,high,low,59256.70588797246,59224.9149954147,open,720904
Caroline,59667.847390424686,48000,58799.99999999999,high school,high,high,59256.70588797246,59211.0234988111,open,720904
Arnault,25745.50937992048,32000,30000.0,high school,low,low,62355.734376714405,66423.53715413595,open,531679
Roberta,57488.66421221482,80640,80640.0,a PhD,high,medium,62355.734376714405,62896.51995054769,open,531679
Andreas,70025.64124704362,49500,70559.99999999999,a Master's degree,high,medium,62355.734376714405,61503.522502233376,open,531679
Anna,74895.60548830662,60000,60480.0,a Master's degree,medium,medium,62355.734376714405,60962.41536431527,open,531679
Josh,36330.20631020006,53000,36000.0,high school,medium,low,62355.734376714405,65247.45971743822,open,531679
Sabrina,68461.3507235125,73500,80640.0,a PhD,medium,high,62355.734376714405,61677.332560403505,open,531679
Marc,38043.43149365355,47400,50400.0,a Bachelor's degree,high,low,62355.734376714405,65057.10136372116,open,531679
Camilla,60867.38426129486,58000,58799.99999999999,high school,high,high,62355.734376714405,62521.10661176102,open,531679
Max,79759.83579556787,78951,60480.0,a Master's degree,medium,medium,62355.734376714405,60421.945330175135,open,531679
Caroline,111939.71485542964,52000,94080.0,a PhD,high,high,62355.734376714405,56846.403212412704,open,531679
Arnault,44991.51534904777,51000,51840.0,a Bachelor's degree,medium,medium,54464.450097358276,55516.99840272611,open,783826
Roberta,75336.23347479956,80220,67200.0,a PhD,low,high,54464.450097358276,52145.363055420356,open,783826
Andreas,46450.03392669547,51750,50400.0,high school,high,medium,54464.450097358276,55354.940782987476,open,783826
Anna,46238.88573287572,45000,50400.0,high school,high,medium,54464.450097358276,55378.40169341189,open,783826
Josh,83984.07565517798,93984,69120.0,a PhD,medium,medium,54464.450097358276,51184.49170204497,open,783826
Sabrina,58436.523209364284,53,51840.0,a Bachelor's degree,medium,medium,54464.450097358276,54023.108640468716,open,783826
Marc,60402.1375720408,49500,50400.0,high school,medium,high,54464.450097358276,53804.707044615774,open,783826
Camilla,54266.38361211983,65520,67200.0,a PhD,high,low,54464.450097358276,54486.45748460699,open,783826
Max,36659.84114139536,48750,50400.0,high school,high,medium,54464.450097358276,56442.73998135415,open,783826
Caroline,37878.871300065955,39000,36000.0,high school,medium,low,54464.450097358276,56307.29218594631,open,783826
Arnault,50521.18353318507,The salary they agreed on is 52500.,50400.0,high school,high,medium,57891.51063712432,58710.435870895344,open,47580349
Roberta,43189.1343174771,63000,58799.99999999999,a Master's degree,high,low,57891.51063712432,59525.108005974005,open,47580349
Andreas,75970.24122777896,78470,69120.0,a PhD,medium,medium,57891.51063712432,55882.76279371824,open,47580349
Anna,51949.77223828073,57000,50400.0,a Bachelor's degree,high,low,57891.51063712432,58551.70379255138,open,47580349
Josh,69625.727632521,70715,70560.0,a Master's degree,medium,high,57891.51063712432,56587.7087487469,open,47580349
Sabrina,81657.47595525248,82290,70560.0,a Master's degree,medium,high,57891.51063712432,55250.84782399896,open,47580349
Marc,68648.9616601977,54000,58799.99999999999,a Master's degree,low,high,57891.51063712432,56696.23830122727,open,47580349
Camilla,55141.33531887272,53000,57600.0,a PhD,low,medium,57891.51063712432,58197.085672485606,open,47580349
Max,37979.09782830901,39878,36000.0,high school,low,medium,57891.51063712432,60104.0009492149,open,47580349
Caroline,44232.17665936838,47200,50400.0,a Bachelor's degree,low,high,57891.51063712432,59409.214412430534,open,47580349
Arnault,79361.50202987864,55000,70560.0,a Master's degree,medium,high,55833.172423421405,53218.91357825949,open,17350817
Roberta,86974.73902334592,64000,94080.0,a PhD,high,high,55833.172423421405,52372.99835676313,open,17350817
Andreas,43272.41082650872,53,50400.0,a Bachelor's degree,high,low,55833.172423421405,57228.81260085615,open,17350817
Anna,56809.87183433166,56500,69120.0,a PhD,medium,medium,55833.172423421405,55724.650266653596,open,17350817
Josh,55514.99324758413,61920,60479.99999999999,a Bachelor's degree,medium,high,55833.172423421405,55868.5256651811,open,17350817
Sabrina,53253.944995503414,46000,43200.0,a Bachelor's degree,medium,low,55833.172423421405,56119.75324874563,open,17350817
Marc,43629.553910775016,55000,50400.0,a Bachelor's degree,low,high,55833.172423421405,57189.13003593768,open,17350817
Camilla,39432.85521319577,50820,60480.0,a Master's degree,medium,medium,55833.172423421405,57655.42989122425,open,17350817
Max,57083.78642822699,53000,48000.0,a PhD,low,low,55833.172423421405,55694.215311776345,open,17350817
Caroline,42998.06672486383,56500,36000.0,a Bachelor's degree,low,low,55833.172423421405,57259.29527881669,open,17350817
Arnault,54259.97585511908,58000,70560.0,a Bachelor's degree,high,high,59176.13520162025,59722.37512900928,open,13213
Roberta,59353.08119990138,68000,70560.0,a Bachelor's degree,high,high,59176.13520162025,59156.47453514457,open,13213
Andreas,57891.37246848146,58120,60480.0,a Master's degree,medium,medium,59176.13520162025,59318.88661641345,open,13213
Anna,54386.92591486713,53300,58799.99999999999,high school,high,high,59176.13520162025,59708.26956681505,open,13213
Josh,72784.68295707011,55000,50400.0,high school,medium,high,59176.13520162025,57664.0743399036,open,13213
Sabrina,28743.925368637774,34000,36000.0,high school,medium,low,59176.13520162025,62557.49184972941,open,13213
Marc,95589.0072487053,57200,80640.0,a PhD,high,medium,59176.13520162025,55130.26052972191,open,13213
Camilla,66972.8034305159,94080,94080.0,a PhD,high,high,59176.13520162025,58309.83873174296,open,13213
Max,47081.065179063255,46800,43200.0,a Bachelor's degree,medium,low,59176.13520162025,60520.03187079325,open,13213
Caroline,54698.51239384109,$55800,60479.99999999999,a Bachelor's degree,medium,high,59176.13520162025,59673.64884692905,open,13213
Arnault,40597.36548424538,43000,36000.0,a Bachelor's degree,low,low,58843.35821534637,60870.690741024264,open,8406588
Roberta,72674.7357681807,79240,50400.0,a Master's degree,low,medium,58843.35821534637,57306.538487253674,open,8406588
Andreas,64303.43644549598,52000,60480.0,a Bachelor's degree,high,medium,58843.35821534637,58236.682856440864,open,8406588
Anna,44480.483770718805,56000,60479.99999999999,a Bachelor's degree,medium,high,58843.35821534637,60439.23315363833,open,8406588
Josh,49950.88750135167,53000,43200.0,high school,medium,medium,58843.35821534637,59831.41051690134,open,8406588
Sabrina,83238.16300587948,68750,67200.0,a PhD,low,high,58843.35821534637,56132.824349731585,open,8406588
Marc,79880.6277587015,57500,70559.99999999999,a Master's degree,high,medium,58843.35821534637,56505.88382164025,open,8406588
Camilla,65409.67727164132,58000,50400.0,a Bachelor's degree,high,low,58843.35821534637,58113.76720909138,open,8406588
Max,36111.86825125863,44640,42000.0,a Master's degree,low,low,58843.35821534637,61369.07932246724,open,8406588
Caroline,51786.33689599023,50300,50400.0,high school,medium,high,58843.35821534637,59627.47169527484,open,8406588
Arnault,60123.0140025655,61854,70560.0,a Bachelor's degree,high,high,65407.20370790613,65994.33589738842,open,90723830
Roberta,66332.18518660434,57500,57600.0,a PhD,medium,low,65407.20370790613,65304.42798805077,open,90723830
Andreas,84198.13626018961,57000,70559.99999999999,a Master's degree,high,medium,65407.20370790613,63319.322313207966,open,90723830
Anna,73786.21779352704,80000,80640.0,a PhD,medium,high,65407.20370790613,64476.20214283714,open,90723830
Josh,47379.36789957556,45000,43200.0,a Bachelor's degree,medium,low,65407.20370790613,67410.2965754984,open,90723830
Sabrina,51085.35046667836,58000,58799.99999999999,a Master's degree,low,high,65407.20370790613,66998.52073470921,open,90723830
Marc,65226.13014668239,56000,58799.99999999999,a Master's degree,low,high,65407.20370790613,65427.322992486545,open,90723830
Camilla,71035.81253876475,58000,80640.0,a PhD,medium,high,65407.20370790613,64781.80272669961,open,90723830
Max,69855.95964503293,52500,36000.0,high school,medium,low,65407.20370790613,64912.89749266982,open,90723830
Caroline,65049.863139440735,58800,58799.99999999999,a Master's degree,high,low,65407.20370790613,65446.90821551339,open,90723830
Arnault,41277.48691431602,52000,43200.0,a Bachelor's degree,medium,low,43767.30324036426,44043.94949881406,open,81758
Roberta,44893.00614335001,47000,42000.0,high school,low,high,43767.30324036426,43642.225140032504,open,81758
Andreas,37114.82906820169,50290,50400.0,a Bachelor's degree,low,high,43767.30324036426,44506.467037271206,open,81758
Anna,35321.196504274456,58000,50400.0,a Master's degree,low,medium,43767.30324036426,44705.75954437423,open,81758
Josh,32098.38808905261,63000,36000.0,high school,low,medium,43767.30324036426,45063.84936828777,open,81758
Sabrina,42977.796858858645,54000,57600.0,a PhD,low,medium,43767.30324036426,43855.026171642654,open,81758
Marc,48576.619109903375,57500,58799.99999999999,a Master's degree,high,low,43767.30324036426,43232.93481041546,open,81758
Camilla,68319.28617906559,69000,69120.0,a PhD,medium,medium,43767.30324036426,41039.305136064104,open,81758
Max,40617.64854930781,42000,43200.0,high school,medium,medium,43767.30324036426,44117.264872703854,open,81758
Caroline,46476.77498731234,50400,50400.0,a Bachelor's degree,high,low,43767.30324036426,43466.25082403669,open,81758
Arnault,44647.24006615212,57500,70560.0,a Bachelor's degree,high,high,58827.940397613995,60403.573767776434,open,265297
Roberta,64505.0784763542,53000,60480.0,a Master's degree,medium,medium,58827.940397613995,58197.147277753975,open,265297
Andreas,32909.759669209125,38000,43200.0,a Bachelor's degree,medium,low,58827.940397613995,61707.73825632565,open,265297
Anna,59644.52936612536,60500,60480.0,a Bachelor's degree,high,medium,58827.940397613995,58737.208290001625,open,265297
Josh,76951.07566827133,57000,70560.0,a Bachelor's degree,high,high,58827.940397613995,56814.25870087429,open,265297
Sabrina,59777.43541979444,60000,50400.0,a Bachelor's degree,high,low,58827.940397613995,58722.44095070506,open,265297
Marc,50155.68333212007,53500,58799.99999999999,high school,high,high,58827.940397613995,59791.52451600221,open,265297
Camilla,60004.139935110026,58000,58799.99999999999,a Master's degree,low,high,58827.940397613995,58697.25156011444,open,265297
Max,73536.54100326764,57000,67200.0,a PhD,high,low,58827.940397613995,57193.65144143026,open,265297
Caroline,66147.92103973568,58800,58799.99999999999,high school,high,high,58827.940397613995,58014.60921515603,open,265297
Arnault,76534.73122599916,58000,67200.0,a PhD,low,high,57640.43858803403,55541.07273937123,open,7520741
Roberta,49809.76473670496,54000,60479.99999999999,a Bachelor's degree,medium,high,57640.43858803403,58510.51346040392,open,7520741
Andreas,60029.97649102647,60500,50400.0,a Master's degree,medium,low,57640.43858803403,57374.93437659042,open,7520741
Anna,43971.79242887819,50000,50400.0,a Bachelor's degree,low,high,57640.43858803403,59159.177050162456,open,7520741
Josh,36620.33107255229,51,48000.0,a PhD,low,low,57640.43858803403,59976.00608975422,open,7520741
Sabrina,36144.03752557874,49000,43200.0,high school,medium,medium,57640.43858803403,60028.9275949735,open,7520741
Marc,44531.10583078553,48000,50400.0,a Master's degree,low,medium,57640.43858803403,59097.031116617196,open,7520741
Camilla,46042.79170223584,59000,60480.0,a Bachelor's degree,high,medium,57640.43858803403,58929.06601978938,open,7520741
Max,105937.39096028008,106249,69120.0,a PhD,medium,medium,57640.43858803403,52274.11054667335,open,7520741
Caroline,76782.46390629903,65000,80640.0,a PhD,medium,high,57640.43858803403,55513.54688600458,open,7520741
Arnault,51905.72974129019,52000,50400.0,a Bachelor's degree,low,high,56300.925000319825,56789.2800291009,open,29680160
Roberta,48294.1014296191,65000,67200.0,a PhD,high,low,56300.925000319825,57190.572063731015,open,29680160
Andreas,79997.24140406559,94080,94080.0,a PhD,high,high,56300.925000319825,53668.00095545919,open,29680160
Anna,38737.08234025006,41850,42000.0,high school,low,high,56300.925000319825,58252.46307366091,open,29680160
Josh,46036.9499461015,56000,58799.99999999999,high school,high,high,56300.925000319825,57441.36667301075,open,29680160
Sabrina,49157.8793832328,57000,60480.0,a Bachelor's degree,high,medium,56300.925000319825,57094.59673555172,open,29680160
Marc,34183.40524118055,42000,43200.0,high school,medium,medium,56300.925000319825,58758.42719577975,open,29680160
Camilla,103035.40324956812,50000,80640.0,a PhD,high,medium,56300.925000319825,51108.2051948478,open,29680160
Max,66457.36081331776,75000,80640.0,a PhD,high,medium,56300.925000319825,55172.432132208945,open,29680160
Caroline,45204.0964545726,58000,42000.0,a Master's degree,low,low,56300.925000319825,57533.90594984729,open,29680160
Arnault,44385.49219255053,62400,50400.0,high school,high,medium,59138.50141394399,60777.72466076548,open,44385852
Roberta,55782.95682608646,55500,50400.0,a Master's degree,medium,low,59138.50141394399,59511.33970148371,open,44385852
Andreas,71094.4320939689,52000,60480.0,a Master's degree,medium,medium,59138.50141394399,57810.064671719,open,44385852
Anna,61330.27055124823,57000,70560.0,a Bachelor's degree,high,high,59138.50141394399,58894.97150979908,open,44385852
Josh,56774.183132061575,60000,42000.0,a Master's degree,low,low,59138.50141394399,59401.203445264255,open,44385852
Sabrina,24676.88934470206,52600,30000.0,high school,low,low,59138.50141394399,62967.56942163754,open,44385852
Marc,62074.38028573813,47500,42000.0,a Master's degree,low,low,59138.50141394399,58812.292650411306,open,44385852
Camilla,78675.63627882717,93000,94080.0,a PhD,high,high,59138.50141394399,56967.70865117919,open,44385852
Max,69529.26893604465,71000,67200.0,a PhD,low,high,59138.50141394399,57983.97168926614,open,44385852
Caroline,67061.50449821225,67000,67200.0,a PhD,high,low,59138.50141394399,58258.167737914184,open,44385852
Arnault,60992.80264879771,64500,51840.0,a Bachelor's degree,medium,medium,61483.081302198974,61537.55670813245,open,879149
Roberta,50874.06687456973,55000,58799.99999999999,a Master's degree,low,high,61483.081302198974,62661.86068304667,open,879149
Andreas,47895.99720772911,57500,43200.0,a Bachelor's degree,medium,low,61483.081302198974,62992.75731269563,open,879149
Anna,44938.03124606384,52000,42000.0,a Master's degree,low,low,61483.081302198974,63321.4201973251,open,879149
Josh,47995.53975501414,44000,48000.0,a PhD,low,low,61483.081302198974,62981.69702966396,open,879149
Sabrina,89042.5715474174,64700,57600.0,a PhD,medium,low,61483.081302198974,58420.91571939693,open,879149
Marc,100441.40117909755,106000,82319.99999999999,a Master's degree,high,high,61483.081302198974,57154.379093654694,open,879149
Camilla,61073.780686963546,56000,60479.99999999999,a Bachelor's degree,medium,high,61483.081302198974,61528.559148336244,open,879149
Max,68544.35166810456,55000,67200.0,a PhD,high,low,61483.081302198974,60698.49570598725,open,879149
Caroline,43032.27020823214,46000,50400.0,a Bachelor's degree,high,low,61483.081302198974,63533.17142375085,open,879149
Arnault,44345.56861460581,53000,58799.99999999999,high school,high,high,77580.33956070224,81273.0918880463,open,51632430
Roberta,66486.44947855674,76500,80640.0,a PhD,high,medium,77580.33956070224,78812.99401427397,open,51632430
Andreas,70874.85366419893,62000,51840.0,a Bachelor's degree,medium,medium,77580.33956070224,78325.39354920262,open,51632430
Anna,90735.8771517235,65000,60480.0,a Master's degree,medium,medium,77580.33956070224,76118.61316169989,open,51632430
Josh,75667.91408487846,56000,57600.0,a PhD,low,medium,77580.33956070224,77792.83128023823,open,51632430
Sabrina,77223.53804977385,65000,70559.99999999999,a Master's degree,high,medium,77580.33956070224,77619.98417302762,open,51632430
Marc,98449.02814218806,70000,94080.0,a PhD,high,high,77580.33956070224,75261.59638498159,open,51632430
Camilla,83989.19203077946,88000,69120.0,a PhD,medium,medium,77580.33956070224,76868.24484180479,open,51632430
Max,88364.57828473675,52500,58799.99999999999,a Master's degree,high,low,77580.33956070224,76382.0908135873,open,51632430
Caroline,79666.39610558089,60000,94080.0,a PhD,high,high,77580.33956070224,77348.55550016018,open,51632430
Arnault,85470.70013847003,62000,57600.0,a PhD,medium,low,63497.435621258555,61055.961786012835,open,9207174
Roberta,40325.741080370266,42000,36000.0,high school,low,medium,63497.435621258555,66072.06834802392,open,9207174
Andreas,38906.006491268476,48000,42000.0,high school,low,high,63497.435621258555,66229.81663570189,open,9207174
Anna,44594.480328936676,30000,30000.0,high school,low,low,63497.435621258555,65597.7639870721,open,9207174
Josh,107812.82886179411,86000,94080.0,a PhD,high,high,63497.435621258555,58573.503038976836,open,9207174
Sabrina,56756.08007805924,66500,69120.0,a PhD,medium,medium,63497.435621258555,64246.47512605848,open,9207174
Marc,68759.87812631446,52000,58799.99999999999,a Master's degree,high,low,63497.435621258555,62912.71978736346,open,9207174
Camilla,51076.10109048641,42750,42000.0,high school,high,low,63497.435621258555,64877.583902455466,open,9207174
Max,41935.3640838414,53000,50400.0,a Master's degree,medium,low,63497.435621258555,65893.22134763823,open,9207174
Caroline,99337.1759330445,88000,82319.99999999999,a Master's degree,high,high,63497.435621258555,59515.24225328234,open,9207174
Arnault,90496.72547289258,70000,67200.0,a PhD,high,low,53727.05853117003,49641.539982089744,open,46394
Roberta,66100.01329101664,58000,58799.99999999999,a Master's degree,low,high,53727.05853117003,52352.28578007596,open,46394
Andreas,44440.15406239607,51000,51840.0,a Bachelor's degree,medium,medium,53727.05853117003,54758.93680547824,open,46394
Anna,35122.508901588895,35000,36000.0,a Bachelor's degree,low,low,53727.05853117003,55794.230712234596,open,46394
Josh,52197.06046075893,50500,50400.0,high school,medium,high,53727.05853117003,53897.05831677126,open,46394
Sabrina,47804.85826946622,49000,51840.0,a Bachelor's degree,medium,medium,53727.05853117003,54385.080782470446,open,46394
Marc,67214.6069278701,57000,70559.99999999999,a Master's degree,high,medium,53727.05853117003,52228.442042647795,open,46394
Camilla,45043.946531199326,46800,43200.0,high school,medium,medium,53727.05853117003,54691.84875338899,open,46394
Max,37766.47187707362,38760,43200.0,high school,medium,medium,53727.05853117003,55500.45704829184,open,46394
Caroline,51084.23951743785,52000,50400.0,high school,medium,high,53727.05853117003,54020.70508825137,open,46394
Arnault,38199.79364275109,58000,43200.0,high school,medium,medium,59433.95313345387,61793.304187976406,open,19154833
Roberta,58358.690976253616,53000,50400.0,a Master's degree,medium,low,59433.95313345387,59553.42670647612,open,19154833
Andreas,53910.92714163454,60000,60480.0,a Bachelor's degree,high,medium,59433.95313345387,60047.62268810047,open,19154833
Anna,59713.75344140306,65000,69120.0,a PhD,medium,medium,59433.95313345387,59402.86421034841,open,19154833
Josh,54085.62925432844,60000,70560.0,a Bachelor's degree,high,high,59433.95313345387,60028.21134224559,open,19154833
Sabrina,35160.8207156878,36777,50400.0,a Master's degree,low,medium,59433.95313345387,62130.96784653899,open,19154833
Marc,88791.07934095283,70000,82319.99999999999,a Master's degree,high,high,59433.95313345387,56172.05022150955,open,19154833
Camilla,70705.23918965524,71250,70560.0,a Bachelor's degree,high,high,59433.95313345387,58181.58801609816,open,19154833
Max,59651.756226307465,52500,50400.0,a Master's degree,low,medium,59433.95313345387,59409.75278980347,open,19154833
Caroline,75761.84140556469,60000,58799.99999999999,a Master's degree,low,high,59433.95313345387,57619.74332544156,open,19154833
Arnault,52976.84190800684,66000,70560.0,a Bachelor's degree,high,high,63225.92805064276,64364.715399824534,open,628338
Roberta,56884.632911749555,50000,58799.99999999999,a Master's degree,low,high,63225.92805064276,63930.516399408676,open,628338
Andreas,49963.695167098376,49000,60480.0,a Bachelor's degree,high,medium,63225.92805064276,64699.50948214769,open,628338
Anna,87343.38919448618,62,60479.99999999999,a Bachelor's degree,medium,high,63225.92805064276,60546.21014577127,open,628338
Josh,55450.88279338168,61000,69120.0,a PhD,medium,medium,63225.92805064276,64089.821968116215,open,628338
Sabrina,78043.84434673048,65000,60480.0,a Bachelor's degree,high,medium,63225.92805064276,61579.492906633015,open,628338
Marc,55098.67564929192,56000,50400.0,high school,medium,high,63225.92805064276,64128.9560952373,open,628338
Camilla,95375.82015626976,90000,70559.99999999999,a Master's degree,high,medium,63225.92805064276,59653.71781668421,open,628338
Max,69604.68462657576,54000,67200.0,a PhD,high,low,63225.92805064276,62517.17731998354,open,628338
Caroline,31516.813752837108,57000,43200.0,high school,medium,medium,63225.92805064276,66749.16297262117,open,628338
Arnault,66390.50209212831,71000,70560.0,a Master's degree,medium,high,56096.180328792274,54952.36679953271,open,880200
Roberta,61924.242005071304,52,50400.0,a Bachelor's degree,high,low,56096.180328792274,55448.61792031683,open,880200
Andreas,35268.49817214878,54000,36000.0,high school,medium,low,56096.180328792274,58410.36723508599,open,880200
Anna,36949.8558866378,38000,42000.0,high school,high,low,56096.180328792274,58223.54971125388,open,880200
Josh,101259.01981867127,53000,94080.0,a PhD,high,high,56096.180328792274,51078.08705213905,open,880200
Sabrina,54377.440689826115,53000,57600.0,a PhD,low,medium,56096.180328792274,56287.15139978852,open,880200
Marc,60599.754372217205,63500,60480.0,a Bachelor's degree,high,medium,56096.180328792274,55595.78321285617,open,880200
Camilla,51022.12664781339,51000,36000.0,high school,medium,low,56096.180328792274,56659.964071123264,open,880200
Max,34937.05283835655,37134,42000.0,high school,high,low,56096.180328792274,58447.194494396244,open,880200
Caroline,58233.31076505202,60480,60480.0,a Master's degree,medium,medium,56096.180328792274,55858.72139143008,open,880200
Arnault,53637.233717292096,46000,50400.0,a Master's degree,medium,low,48392.06973300518,47809.27373475107,open,26610
Roberta,48776.36780484769,61000,60479.99999999999,a Bachelor's degree,medium,high,48392.06973300518,48349.36994724489,open,26610
Andreas,35687.54640056722,37250,36000.0,high school,medium,low,48392.06973300518,49803.68343660939,open,26610
Anna,54194.7365188433,50000,51840.0,a Bachelor's degree,medium,medium,48392.06973300518,47747.328979023165,open,26610
Josh,34059.839384487896,$34853,36000.0,high school,medium,low,48392.06973300518,49984.539771729316,open,26610
Sabrina,48885.15161215783,52500,50400.0,high school,medium,high,48392.06973300518,48337.28285754377,open,26610
Marc,34138.98375544717,34791,30000.0,high school,low,low,48392.06973300518,49975.74595273384,open,26610
Camilla,71961.78056532198,56000,60480.0,a Master's degree,medium,medium,48392.06973300518,45773.21297385886,open,26610
Max,53272.16062267408,56000,57600.0,a PhD,low,medium,48392.06973300518,47849.83741193085,open,26610
Caroline,49306.89694841246,54000,70560.0,a Master's degree,medium,high,48392.06973300518,48290.422264626584,open,26610
Arnault,51556.52638391349,59200,58799.99999999999,high school,high,high,53749.81067334111,53993.50892772196,open,92125025
Roberta,73853.90156302974,56000,60479.99999999999,a Bachelor's degree,medium,high,53749.81067334111,51516.02279670904,open,92125025
Andreas,45033.747825966566,51250,36000.0,a Bachelor's degree,low,low,53749.81067334111,54718.26210082717,open,92125025
Anna,27907.584236029645,46000,42000.0,high school,high,low,53749.81067334111,56621.169166375716,open,92125025
Josh,45909.65636523537,47000,43200.0,a Bachelor's degree,medium,low,53749.81067334111,54620.938929797296,open,92125025
Sabrina,26860.747260578537,35000,42000.0,high school,high,low,53749.81067334111,56737.48438587028,open,92125025
Marc,67377.4111337125,62000,69120.0,a PhD,medium,medium,53749.81067334111,52235.63284441095,open,92125025
Camilla,85226.40967360587,50,57600.0,a PhD,medium,low,53749.81067334111,50252.4107844228,open,92125025
Max,85052.26535263345,70560,70559.99999999999,a Master's degree,high,medium,53749.81067334111,50271.76015341974,open,92125025
Caroline,28719.856938705892,38000,30000.0,high school,low,low,53749.81067334111,56530.91664385613,open,92125025
Arnault,75658.72636100186,66500,69120.0,a PhD,medium,medium,68094.14402500074,67253.63487655617,open,351879
Roberta,47883.15147091437,50663,57600.0,a PhD,medium,low,68094.14402500074,70339.80986434367,open,351879
Andreas,81038.67868936734,80500,80640.0,a PhD,medium,high,68094.14402500074,66655.86239562667,open,351879
Anna,94246.50955277741,87000,80640.0,a PhD,high,medium,68094.14402500074,65188.32563302556,open,351879
Josh,90765.34009823544,70000,82319.99999999999,a Master's degree,high,high,68094.14402500074,65575.12223908579,open,351879
Sabrina,70915.228604751,64000,70560.0,a Bachelor's degree,high,high,68094.14402500074,67780.69018280628,open,351879
Marc,60892.51999657366,56500,50400.0,a Bachelor's degree,high,low,68094.14402500074,68894.32447260375,open,351879
Camilla,51123.7948452584,52020,58799.99999999999,a Master's degree,low,high,68094.14402500074,69979.73837830545,open,351879
Max,46260.33392174086,46500,42000.0,high school,high,low,68094.14402500074,70520.12292536296,open,351879
Caroline,62157.15670938711,57000,70560.0,a Master's degree,medium,high,68094.14402500074,68753.80928229116,open,351879
Arnault,38087.09759395876,41000,42000.0,high school,low,high,61993.66207314962,64649.94701528195,open,3081581
Roberta,42684.928216767934,54000,60479.99999999999,a Bachelor's degree,medium,high,61993.66207314962,64139.076946080924,open,3081581
Andreas,74573.167507345,65000,70560.0,a Master's degree,medium,high,61993.66207314962,60595.93924712792,open,3081581
Anna,122593.68544655148,80000,94080.0,a PhD,high,high,61993.66207314962,55260.32614277164,open,3081581
Josh,53787.60206285592,56500,60479.99999999999,a Bachelor's degree,medium,high,61993.66207314962,62905.44651873781,open,3081581
Sabrina,39046.25660373104,56000,58799.99999999999,a Master's degree,low,high,61993.66207314962,64543.37379197391,open,3081581
Marc,40732.47114134512,47000,42000.0,a Master's degree,low,low,61993.66207314962,64356.01662112791,open,3081581
Camilla,74566.7697836602,65000,67200.0,a PhD,low,high,61993.66207314962,60596.650105315115,open,3081581
Max,104143.73722876766,105000,94080.0,a PhD,high,high,61993.66207314962,57310.320389192064,open,3081581
Caroline,29720.90514651315,42000,36000.0,a Bachelor's degree,low,low,61993.66207314962,65579.52395388701,open,3081581
Arnault,52208.17475682297,54000,50400.0,a Master's degree,medium,low,59680.63222380828,60510.90527569553,open,24930078
Roberta,55577.571204613465,58915,43200.0,a Bachelor's degree,medium,low,59680.63222380828,60136.5278926077,open,24930078
Andreas,82908.71901123282,69000,67200.0,a PhD,high,low,59680.63222380828,57099.733691872214,open,24930078
Anna,86781.71430503638,54600,82319.99999999999,a Master's degree,high,high,59680.63222380828,56669.400881449605,open,24930078
Josh,37375.623880574174,46000,36000.0,a Bachelor's degree,low,low,59680.63222380828,62158.96648416763,open,24930078
Sabrina,69518.8709151615,57125,57600.0,a PhD,medium,low,59680.63222380828,58587.4945914357,open,24930078
Marc,30436.291376579185,38000,42000.0,a Master's degree,low,low,59680.63222380828,62930.00342905595,open,24930078
Camilla,48837.46297719205,56700,58799.99999999999,high school,high,high,59680.63222380828,60885.42880676564,open,24930078
Max,48810.261835037345,52500,43200.0,high school,medium,medium,59680.63222380828,60888.451155893934,open,24930078
Caroline,84351.63197583289,50000,69120.0,a PhD,medium,medium,59680.63222380828,56939.410029138875,open,24930078
Arnault,55955.99502679836,60000,50400.0,a Bachelor's degree,low,high,58647.762896985325,58946.84821589499,open,82897150
Roberta,121379.5275697855,94080,94080.0,a PhD,high,high,58647.762896985325,51677.56682222975,open,82897150
Andreas,50069.100552202595,54000,57600.0,a PhD,low,medium,58647.762896985325,59600.94760196119,open,82897150
Anna,56885.555550031066,51250,50400.0,high school,high,medium,58647.762896985325,58843.56371331358,open,82897150
Josh,40996.68853423615,40000,36000.0,high school,low,medium,58647.762896985325,60608.993381735236,open,82897150
Sabrina,52229.958218633685,54000,58799.99999999999,a Master's degree,high,low,58647.762896985325,59360.85230569107,open,82897150
Marc,57908.4020556151,61200,70560.0,a Bachelor's degree,high,high,58647.762896985325,58729.91410158202,open,82897150
Camilla,26262.41191482402,29000,30000.0,high school,low,low,58647.762896985325,62246.135228336585,open,82897150
Max,54823.46353851035,52500,50400.0,high school,high,medium,58647.762896985325,59072.68504792699,open,82897150
Caroline,69966.5260092165,70750,70560.0,a Bachelor's degree,high,high,58647.762896985325,57390.12255118186,open,82897150
Arnault,32423.419252959382,38000,36000.0,a Bachelor's degree,low,low,54741.97907913751,57221.81905982397,open,25833212
Roberta,58703.44630099391,50000,60480.0,a Bachelor's degree,high,medium,54741.97907913751,54301.8160544868,open,25833212
Andreas,42077.685294269664,42800,43200.0,a Bachelor's degree,low,medium,54741.97907913751,56149.122833011716,open,25833212
Anna,53791.48004960088,43200,43200.0,a Bachelor's degree,medium,low,54741.97907913751,54847.59008241936,open,25833212
Josh,43338.243522322635,56000,43200.0,a Bachelor's degree,low,medium,54741.97907913751,56009.0608076725,open,25833212
Sabrina,67147.13682791924,61000,60480.0,a Bachelor's degree,high,medium,54741.97907913751,53363.628218161764,open,25833212
Marc,34312.84354656013,40000,30000.0,high school,low,low,54741.97907913751,57011.883027201664,open,25833212
Camilla,68737.28733599457,69500,70560.0,a Master's degree,medium,high,54741.97907913751,53186.94482837562,open,25833212
Max,102897.19450725551,58000,69120.0,a PhD,medium,medium,54741.97907913751,49391.3995871244,open,25833212
Caroline,43991.05415349921,50200,50400.0,a Bachelor's degree,high,low,54741.97907913751,55936.526293097326,open,25833212
Arnault,50720.450547555716,51500,50400.0,a Master's degree,low,medium,55949.89011151239,56530.93895195202,open,105129
Roberta,56416.16294659378,56000,50400.0,a Master's degree,medium,low,55949.89011151239,55898.08201872557,open,105129
Andreas,32289.38975610116,49000,42000.0,high school,low,high,55949.89011151239,58578.83459544697,open,105129
Anna,82143.32102840423,56000,70560.0,a Bachelor's degree,high,high,55949.89011151239,53039.50889852441,open,105129
Josh,47306.823761016734,47500,42000.0,high school,low,high,55949.89011151239,56910.23081712302,open,105129
Sabrina,41186.56206822804,40800,42000.0,high school,high,low,55949.89011151239,57590.25989409954,open,105129
Marc,85519.59913844208,59450,60480.0,a Bachelor's degree,high,medium,55949.89011151239,52664.366886297976,open,105129
Camilla,52812.320905545275,57000,58799.99999999999,a Master's degree,low,high,55949.89011151239,56298.5089121754,open,105129
Max,71247.55273822742,58300,94080.0,a PhD,high,high,55949.89011151239,54250.14981965516,open,105129
Caroline,39856.718225009485,41500,42000.0,high school,high,low,55949.89011151239,57738.02032112382,open,105129
Arnault,41516.9091947708,47000,36000.0,a Bachelor's degree,low,low,48487.616543356104,49262.1395820878,open,2839784
Roberta,68320.45508287971,56375,58799.99999999999,a Master's degree,low,high,48487.616543356104,46283.96781674237,open,2839784
Andreas,70604.34279596909,70800,70559.99999999999,a Master's degree,high,medium,48487.616543356104,46030.202515287994,open,2839784
Anna,44302.22848647254,37000,36000.0,high school,low,medium,48487.616543356104,48952.659660787605,open,2839784
Josh,42029.710102290825,56000,57600.0,a PhD,low,medium,48487.616543356104,49205.16170347446,open,2839784
Sabrina,31645.33519430071,52000,42000.0,high school,high,low,48487.616543356104,50358.98113769559,open,2839784
Marc,47597.03728373343,58000,67200.0,a PhD,high,low,48487.616543356104,48586.56979442529,open,2839784
Camilla,40944.845979814534,43000,43200.0,a Bachelor's degree,low,medium,48487.616543356104,49325.702161527384,open,2839784
Max,61515.98603907142,62000,50400.0,high school,medium,high,48487.616543356104,47040.01993272107,open,2839784
Caroline,36399.315274257955,36800,36000.0,high school,low,medium,48487.616543356104,49830.76112881145,open,2839784
Arnault,52345.299445840275,54500,50400.0,a Bachelor's degree,low,high,54527.97813587681,54770.49799032531,open,3787687
Roberta,56532.69950521711,52500,51840.0,a Bachelor's degree,medium,medium,54527.97813587681,54305.23131706122,open,3787687
Andreas,28896.287683098184,34500,36000.0,high school,medium,low,54527.97813587681,57375.9437417411,open,3787687
Anna,55099.82378580652,47000,43200.0,high school,medium,medium,54527.97813587681,54464.43973032906,open,3787687
Josh,32229.955993940035,47000,42000.0,high school,high,low,54527.97813587681,57005.53615164757,open,3787687
Sabrina,39380.38653203565,61500,50400.0,high school,high,medium,54527.97813587681,56211.04386963694,open,3787687
Marc,60895.6896655256,57825,50400.0,high school,high,medium,54527.97813587681,53820.45463258251,open,3787687
Camilla,81904.02034707884,86199,70560.0,a Bachelor's degree,high,high,54527.97813587681,51486.195667965476,open,3787687
Max,51626.314214392376,63000,67200.0,a PhD,low,high,54527.97813587681,54850.38523826397,open,3787687
Caroline,86369.30418583358,90775,82319.99999999999,a Master's degree,high,high,54527.97813587681,50990.05301921495,open,3787687
Arnault,64101.35346506129,55000,69120.0,a PhD,medium,medium,50777.64110994652,49297.228626044875,open,31060
Roberta,55551.8521222554,60000,58799.99999999999,a Master's degree,low,high,50777.64110994652,50247.17321968997,open,31060
Andreas,58260.87094246431,53500,57600.0,a PhD,medium,low,50777.64110994652,49946.171128555645,open,31060
Anna,65020.53729028416,60000,70560.0,a Master's degree,medium,high,50777.64110994652,49195.097089908995,open,31060
Josh,38760.21725258084,59000,36000.0,high school,low,medium,50777.64110994652,52112.91042743159,open,31060
Sabrina,43668.36871379406,56000,60480.0,a Master's degree,medium,medium,50777.64110994652,51567.56026507457,open,31060
Marc,44841.320478396694,66000,67200.0,a PhD,low,high,50777.64110994652,51437.23229122983,open,31060
Camilla,54702.91239909817,57500,58799.99999999999,high school,high,high,50777.64110994652,50341.49985559633,open,31060
Max,48426.86563050376,52320,50400.0,high school,high,medium,50777.64110994652,51038.838385440155,open,31060
Caroline,34442.112805026474,51000,50400.0,high school,high,medium,50777.64110994652,52592.699810493184,open,31060
Arnault,73499.1185624358,72000,57600.0,a PhD,medium,low,63948.2830444315,62887.07909798657,open,8444184
Roberta,65825.01285555452,58000,60480.0,a Bachelor's degree,high,medium,63948.2830444315,63739.75750986228,open,8444184
Andreas,91389.72321316635,65000,80640.0,a PhD,high,medium,63948.2830444315,60899.23413679429,open,8444184
Anna,30072.199805176693,57000,50400.0,high school,medium,high,63948.2830444315,67712.29229323758,open,8444184
Josh,72296.83812077182,57000,57600.0,a PhD,low,medium,63948.2830444315,63020.66581372702,open,8444184
Sabrina,47906.09187045178,52000,42000.0,a Master's degree,low,low,63948.2830444315,65730.74873042924,open,8444184
Marc,98502.12228998236,100000,69120.0,a PhD,medium,medium,63948.2830444315,60108.96757270362,open,8444184
Camilla,47385.07465440232,58800,58799.99999999999,a Master's degree,high,low,63948.2830444315,65788.63953221252,open,8444184
Max,61728.02970530468,60000,57600.0,a PhD,low,medium,63948.2830444315,64194.97785989004,open,8444184
Caroline,50878.619367068706,56000,58799.99999999999,a Master's degree,low,high,63948.2830444315,65400.467897471804,open,8444184
Arnault,56239.993033524865,58000,48000.0,a PhD,low,low,66472.56468159205,67609.51708693284,open,4861063
Roberta,90463.99125298468,65000,94080.0,a PhD,high,high,66472.56468159205,63806.850618103985,open,4861063
Andreas,64449.29855632439,50000,60480.0,a Master's degree,medium,medium,66472.56468159205,66697.37202884401,open,4861063
Anna,59144.293863546955,52000,57600.0,a PhD,low,medium,66472.56468159205,67286.81699470818,open,4861063
Josh,47082.109060803225,50604,50400.0,a Bachelor's degree,high,low,66472.56468159205,68627.05975056859,open,4861063
Sabrina,76097.0952411861,75000,80640.0,a PhD,medium,high,66472.56468159205,65403.17239719271,open,4861063
Marc,52136.49925525346,55000,50400.0,a Bachelor's degree,low,high,66472.56468159205,68065.46084007411,open,4861063
Camilla,44748.197103341285,56640,50400.0,high school,high,medium,66472.56468159205,68886.38330139768,open,4861063
Max,80174.55267824215,48000,70560.0,a Bachelor's degree,high,high,66472.56468159205,64950.12157085315,open,4861063
Caroline,94189.61677071334,"The agreed salary is 102,876",70560.0,a Master's degree,medium,high,66472.56468159205,63392.89222724523,open,4861063
Arnault,48803.19551007828,59125,60479.99999999999,a Bachelor's degree,medium,high,67176.3127451818,69217.77021574887,open,75084138
Roberta,71093.23530707766,54020,60480.0,a Bachelor's degree,high,medium,67176.3127451818,66741.09912719337,open,75084138
Andreas,71541.82884465985,72500,67200.0,a PhD,low,high,67176.3127451818,66691.25540079534,open,75084138
Anna,83467.63617686526,70000,94080.0,a PhD,high,high,67176.3127451818,65366.16569721696,open,75084138
Josh,61651.833013260584,65000,48000.0,a PhD,low,low,67176.3127451818,67790.14382650638,open,75084138
Sabrina,41194.06244369377,44000,50400.0,high school,medium,high,67176.3127451818,70063.22944534714,open,75084138
Marc,51543.39467309111,61350,51840.0,a Bachelor's degree,medium,medium,67176.3127451818,68913.30364208076,open,75084138
Camilla,38349.91524327651,39718,36000.0,high school,low,medium,67176.3127451818,70379.24580094905,open,75084138
Max,105878.82778071042,55000,94080.0,a PhD,high,high,67176.3127451818,62876.03329678973,open,75084138
Caroline,98239.1984591045,70000,80640.0,a PhD,high,medium,67176.3127451818,63724.88099919038,open,75084138
Arnault,34362.84156131214,35430,42000.0,high school,low,high,58993.25752382974,61729.97040855393,open,736264
Roberta,56934.21998850962,53000,50400.0,a Master's degree,low,medium,58993.25752382974,59222.039472198645,open,736264
Andreas,60693.82322379612,59000,60480.0,a Bachelor's degree,high,medium,58993.25752382974,58804.30577938904,open,736264
Anna,46719.492647977415,53800,43200.0,a Bachelor's degree,low,medium,58993.25752382974,60357.009176702224,open,736264
Josh,80240.7345103561,78000,70560.0,a Master's degree,medium,high,58993.25752382974,56632.42674754904,open,736264
Sabrina,85449.18835348592,82000,82319.99999999999,a Master's degree,high,high,58993.25752382974,56053.709653867954,open,736264
Marc,33515.809768912884,45000,30000.0,high school,low,low,58993.25752382974,61824.085052153845,open,736264
Camilla,74566.55550808727,56868,70560.0,a Bachelor's degree,high,high,58993.25752382974,57262.89108113447,open,736264
Max,49201.77651099987,50500,50400.0,a Master's degree,low,medium,58993.25752382974,60081.19985858862,open,736264
Caroline,68248.13316486018,56500,42000.0,high school,low,high,58993.25752382974,57964.9380081597,open,736264
Arnault,45767.35535843727,53000,50400.0,a Master's degree,low,medium,54379.92788791214,55336.88039118712,open,44289018
Roberta,63994.37461573892,68600,60479.99999999999,a Bachelor's degree,medium,high,54379.92788791214,53311.65602926472,open,44289018
Andreas,63494.51355970118,62000,58799.99999999999,a Master's degree,high,low,54379.92788791214,53367.19614660225,open,44289018
Anna,60862.01835156572,52000,60479.99999999999,a Bachelor's degree,medium,high,54379.92788791214,53659.69561417286,open,44289018
Josh,85510.83324519478,57000,58799.99999999999,high school,high,high,54379.92788791214,50920.93840376963,open,44289018
Sabrina,60948.84623971883,63000,60479.99999999999,a Bachelor's degree,medium,high,54379.92788791214,53650.04807104473,open,44289018
Marc,46053.53424249675,59,42000.0,high school,low,high,54379.92788791214,55305.082737402736,open,44289018
Camilla,47910.586738097896,50800,50400.0,a Master's degree,low,medium,54379.92788791214,55098.74357122483,open,44289018
Max,35596.10367552568,38250,30000.0,high school,low,low,54379.92788791214,56467.01946706619,open,44289018
Caroline,33661.112852644386,48000,36000.0,high school,low,medium,54379.92788791214,56682.018447386334,open,44289018
Arnault,46947.82225931347,44100,43200.0,high school,medium,medium,65857.98397608819,67959.11305572983,open,62669
Roberta,71165.77890179405,70000,80640.0,a PhD,high,medium,65857.98397608819,65268.22898434309,open,62669
Andreas,86839.9198304819,68000,67200.0,a PhD,high,low,65857.98397608819,63526.65777004444,open,62669
Anna,59242.53929392439,60324,58799.99999999999,a Master's degree,low,high,65857.98397608819,66593.0333852175,open,62669
Josh,76859.98498268283,53560,50400.0,high school,medium,high,65857.98397608819,64635.53941979989,open,62669
Sabrina,52011.11680234838,56500,58799.99999999999,high school,high,high,65857.98397608819,67396.52477317039,open,62669
Marc,87092.15498033131,60,80640.0,a PhD,high,medium,65857.98397608819,63498.63164228339,open,62669
Camilla,79884.52450597941,82360,67200.0,a PhD,low,high,65857.98397608819,64299.47947276694,open,62669
Max,49736.89609551067,47000,42000.0,high school,high,low,65857.98397608819,67649.21596281901,open,62669
Caroline,48799.10210851545,50200,50400.0,high school,medium,high,65857.98397608819,67753.41529470737,open,62669
Arnault,75187.94889038189,55600,80640.0,a PhD,medium,high,59764.88822903526,58051.214822218964,open,7425795
Roberta,67212.97250489297,5500,58799.99999999999,high school,high,high,59764.88822903526,58937.323309495514,open,7425795
Andreas,34557.56190365957,53000,42000.0,high school,high,low,59764.88822903526,62565.70226518811,open,7425795
Anna,64163.160863024794,52500,57600.0,a PhD,low,medium,59764.88822903526,59276.19126970309,open,7425795
Josh,41912.00996519599,47500,50400.0,high school,medium,high,59764.88822903526,61748.54136946184,open,7425795
Sabrina,36452.22734736195,47500,50400.0,high school,medium,high,59764.88822903526,62355.18388255451,open,7425795
Marc,64052.49415821382,59500,57600.0,a PhD,medium,low,59764.88822903526,59288.48757023764,open,7425795
Camilla,58637.6022968373,49500,67200.0,a PhD,low,high,59764.88822903526,59890.14222150171,open,7425795
Max,90921.07076882695,70000,82319.99999999999,a Master's degree,high,high,59764.88822903526,56303.09016905841,open,7425795
Caroline,64551.83359195742,65000,80640.0,a PhD,medium,high,59764.88822903526,59233.00541093279,open,7425795
Arnault,46382.15502007353,50000,50400.0,high school,high,medium,55933.858749314444,56995.15916367454,open,659350
Roberta,39776.774461009954,43800,43200.0,a Bachelor's degree,low,medium,55933.858749314444,57729.090336903835,open,659350
Andreas,83437.91877918725,61500,60480.0,a Bachelor's degree,high,medium,55933.858749314444,52877.85207932858,open,659350
Anna,68326.28328538458,51375,48000.0,a PhD,low,low,55933.858749314444,54556.922689751096,open,659350
Josh,45585.970240600094,57000,48000.0,a PhD,low,low,55933.858749314444,57083.62413917159,open,659350
Sabrina,72369.88551891086,75025,94080.0,a PhD,high,high,55933.858749314444,54107.63355269263,open,659350
Marc,64972.14785257987,80320,80640.0,a PhD,high,medium,55933.858749314444,54929.604404507176,open,659350
Camilla,58675.30591642885,60952,48000.0,a PhD,low,low,55933.858749314444,55629.25350852395,open,659350
Max,27346.040326434468,36000,36000.0,high school,low,medium,55933.858749314444,59110.28301852333,open,659350
Caroline,52466.106092534996,45500,43200.0,a Bachelor's degree,low,medium,55933.858749314444,56319.164600067714,open,659350
Arnault,35922.9832086491,55000,36000.0,a Bachelor's degree,low,low,63344.172426388424,66390.97122835946,open,54889
Roberta,54905.986141369234,54000,50400.0,a Bachelor's degree,low,high,63344.172426388424,64281.748680279445,open,54889
Andreas,73368.41669312853,55000,67200.0,a PhD,low,high,63344.172426388424,62230.367507861745,open,54889
Anna,77553.08437562622,51750,70560.0,a Bachelor's degree,high,high,63344.172426388424,61765.40443202868,open,54889
Josh,52132.249822028316,52500,43200.0,a Bachelor's degree,low,medium,63344.172426388424,64589.94160465066,open,54889
Sabrina,65455.931417224274,70500,70560.0,a Master's degree,medium,high,63344.172426388424,63109.53253851778,open,54889
Marc,99483.24534678101,60000,70560.0,a Bachelor's degree,high,high,63344.172426388424,59328.71987967814,open,54889
Camilla,63834.13700017233,74500,80640.0,a PhD,high,medium,63344.172426388424,63289.73191819022,open,54889
Max,50010.65013379007,50000,57600.0,a PhD,medium,low,63344.172426388424,64825.674903343795,open,54889
Caroline,60775.04012511513,59000,50400.0,a Bachelor's degree,low,high,63344.172426388424,63629.63157097435,open,54889
Arnault,78020.53322530958,57750,80640.0,a PhD,high,medium,53805.39811485859,51114.827547030705,open,7206850
Roberta,50827.841540939524,53000,42000.0,high school,high,low,53805.39811485859,54136.237734182934,open,7206850
Andreas,51922.96937384389,42000,42000.0,high school,high,low,53805.39811485859,54014.55686386023,open,7206850
Anna,45688.1280836367,51000,43200.0,a Bachelor's degree,low,medium,53805.39811485859,54707.31700721658,open,7206850
Josh,65113.89072519383,45000,57600.0,a PhD,low,medium,53805.39811485859,52548.898935932455,open,7206850
Sabrina,50265.9186810864,60000,58799.99999999999,a Master's degree,high,low,53805.39811485859,54198.67360749995,open,7206850
Marc,51472.34348006308,54000,50400.0,a Master's degree,low,medium,53805.39811485859,54064.62640761365,open,7206850
Camilla,59934.15100603573,52500,50400.0,high school,high,medium,53805.39811485859,53124.425571394466,open,7206850
Max,37427.32435603904,38000,36000.0,high school,low,medium,53805.39811485859,55625.18408806076,open,7206850
Caroline,47380.88067643809,54000,58799.99999999999,high school,high,high,53805.39811485859,54519.2333857942,open,7206850
Arnault,24909.134580456885,52000,43200.0,a Bachelor's degree,medium,low,65879.69167957247,70431.97580169642,open,2941888
Roberta,69423.13566132328,50000,50400.0,a Master's degree,low,medium,65879.69167957247,65485.975681600146,open,2941888
Andreas,34347.98850684687,51500,30000.0,high school,low,low,65879.69167957247,69383.21425431976,open,2941888
Anna,63805.56342093583,53000,50400.0,a Bachelor's degree,high,low,65879.69167957247,66110.15037497653,open,2941888
Josh,111777.65658326448,88478,80640.0,a PhD,high,medium,65879.69167957247,60779.917801384465,open,2941888
Sabrina,43455.844759336345,48500,50400.0,high school,medium,high,65879.69167957247,68371.23022626537,open,2941888
Marc,78449.66184948407,62085,80640.0,a PhD,high,medium,65879.69167957247,64483.028327360065,open,2941888
Camilla,98519.55792227293,80000,80640.0,a PhD,high,medium,65879.69167957247,62253.03987482797,open,2941888
Max,48919.24850191289,51000,50400.0,a Master's degree,medium,low,65879.69167957247,67764.18536597908,open,2941888
Caroline,85189.12500989104,95500,94080.0,a PhD,high,high,65879.69167957247,63734.19908731485,open,2941888
Arnault,45505.438772728536,62000,57600.0,a PhD,low,medium,61316.02388750303,63072.75556692242,open,38976
Roberta,80182.88551062105,57000,67200.0,a PhD,high,low,61316.02388750303,59219.70592937881,open,38976
Andreas,37592.44116460028,42000,42000.0,high school,high,low,61316.02388750303,63951.97752338111,open,38976
Anna,59612.327896287694,60000,50400.0,a Master's degree,low,medium,61316.02388750303,61505.32344208252,open,38976
Josh,53661.66570036065,54800,50400.0,a Master's degree,low,medium,61316.02388750303,62166.50813051885,open,38976
Sabrina,68455.10461707026,53000,50400.0,a Bachelor's degree,high,low,61316.02388750303,60522.79269532889,open,38976
Marc,65197.209380241286,66500,60479.99999999999,a Bachelor's degree,medium,high,61316.02388750303,60884.78105497655,open,38976
Camilla,58936.902344640985,49000,50400.0,a Master's degree,medium,low,61316.02388750303,61580.370725598805,open,38976
Max,61749.23405266649,51500,50400.0,high school,medium,high,61316.02388750303,61267.88942470709,open,38976
Caroline,82267.02943581306,58500,60480.0,a Master's degree,medium,medium,61316.02388750303,58988.13438213525,open,38976
Arnault,43507.922691761814,53560,50400.0,a Bachelor's degree,high,low,52002.1110148415,52945.90971740591,open,87325
Roberta,37940.58994264461,40400,42000.0,a Master's degree,low,low,52002.1110148415,53564.5022450856,open,87325
Andreas,53325.940813242,62000,50400.0,a Bachelor's degree,high,low,52002.1110148415,51855.018815019226,open,87325
Anna,81887.43552914473,70000,80640.0,a PhD,medium,high,52002.1110148415,48681.519402141144,open,87325
Josh,66689.481514035,73000,50400.0,a Master's degree,low,medium,52002.1110148415,50370.18095937556,open,87325
Sabrina,37364.383837997855,39600,36000.0,a Bachelor's degree,low,low,52002.1110148415,53628.52514560191,open,87325
Marc,57744.622590356186,55000,67200.0,a PhD,high,low,52002.1110148415,51364.05417311765,open,87325
Camilla,37454.89696406731,37750,36000.0,a Bachelor's degree,low,low,52002.1110148415,53618.46813159419,open,87325
Max,57207.162129699755,54000,67200.0,a PhD,high,low,52002.1110148415,51423.77200207947,open,87325
Caroline,46898.67413546578,43500,42000.0,high school,high,low,52002.1110148415,52569.15955699436,open,87325
Arnault,47874.96419521665,52000,50400.0,a Master's degree,medium,low,57581.25263195294,58659.72912492364,open,6693372
Roberta,35747.59299932674,46000,51840.0,a Bachelor's degree,medium,medium,57581.25263195294,60007.21481335585,open,6693372
Andreas,78657.9650999873,89120,94080.0,a PhD,high,high,57581.25263195294,55239.395691060236,open,6693372
Anna,55960.85684735478,5000,48000.0,a PhD,low,low,57581.25263195294,57761.2966080194,open,6693372
Josh,71097.67496517133,70000,58799.99999999999,a Master's degree,low,high,57581.25263195294,56079.42792826201,open,6693372
Sabrina,39205.289471875396,49000,50400.0,a Bachelor's degree,high,low,57581.25263195294,59623.026316406,open,6693372
Marc,88899.02489325803,85000,80640.0,a PhD,medium,high,57581.25263195294,54101.5001584746,open,6693372
Camilla,40326.196706245435,52000,50400.0,a Master's degree,low,medium,57581.25263195294,59498.48106814266,open,6693372
Max,50225.67690844604,52000,58799.99999999999,a Master's degree,low,high,57581.25263195294,58398.53882345371,open,6693372
Caroline,67817.28423264773,59000,58799.99999999999,high school,high,high,57581.25263195294,56443.915787431295,open,6693372
Arnault,91190.74797967308,56500,57600.0,a PhD,low,medium,53364.10256813971,49161.14196685822,open,2831886
Roberta,36676.02103244492,38000,36000.0,high school,medium,low,53364.10256813971,55218.33384988357,open,2831886
Andreas,56862.94405969607,59000,58799.99999999999,a Master's degree,high,low,53364.10256813971,52975.342402411225,open,2831886
Anna,66268.09805076114,52000,50400.0,a Bachelor's degree,high,low,53364.10256813971,51930.32529229288,open,2831886
Josh,68663.2054590786,80640,80640.0,a PhD,medium,high,53364.10256813971,51664.20224692427,open,2831886
Sabrina,56642.334968256575,58000,57600.0,a PhD,medium,low,53364.10256813971,52999.854523682276,open,2831886
Marc,26306.94507165021,35840,36000.0,high school,low,medium,53364.10256813971,56370.45340108298,open,2831886
Camilla,53516.75935519397,54600,70560.0,a Bachelor's degree,high,high,53364.10256813971,53347.14070291145,open,2831886
Max,32077.71438097621,35000,36000.0,a Bachelor's degree,low,low,53364.10256813971,55729.25681115787,open,2831886
Caroline,45436.255323666286,57500,43200.0,high school,medium,medium,53364.10256813971,54244.97448419231,open,2831886
Arnault,59170.15022606384,55000,60480.0,a Bachelor's degree,high,medium,72766.02015166651,74276.67236562236,open,89589
Roberta,60920.055495506094,54000,82319.99999999999,a Master's degree,high,high,72766.02015166651,74082.23844679544,open,89589
Andreas,65219.33480433591,51250,58799.99999999999,high school,high,high,72766.02015166651,73604.54074581435,open,89589
Anna,121702.75064092434,126500,80640.0,a PhD,high,medium,72766.02015166651,67328.60565286007,open,89589
Josh,112204.21190383045,64032,94080.0,a PhD,high,high,72766.02015166651,68383.99884587052,open,89589
Sabrina,94738.11969928355,57750,70559.99999999999,a Master's degree,high,medium,72766.02015166651,70324.67575748684,open,89589
Marc,94826.86230324033,51000,94080.0,a PhD,high,high,72766.02015166651,70314.8154681583,open,89589
Camilla,54178.1068874567,52500,50400.0,high school,high,medium,72766.02015166651,74831.34384768982,open,89589
Max,32068.834836160393,39500,42000.0,high school,high,low,72766.02015166651,77287.92963116718,open,89589
Caroline,32631.77471986348,48000,43200.0,a Bachelor's degree,medium,low,72766.02015166651,77225.38075520018,open,89589
Arnault,54435.58463668028,55000,58799.99999999999,high school,high,high,57667.156150279625,58026.21965179066,open,236002
Roberta,58809.590542649814,51000,50400.0,a Bachelor's degree,low,high,57667.156150279625,57540.21899557183,open,236002
Andreas,64252.3018848045,55000,80640.0,a PhD,medium,high,57667.156150279625,56935.473290887974,open,236002
Anna,68452.23872527663,45000,50400.0,a Bachelor's degree,low,high,57667.156150279625,56468.81364194662,open,236002
Josh,58252.68814892165,58320,57600.0,a PhD,low,medium,57667.156150279625,57602.0970393194,open,236002
Sabrina,45847.77838742875,54000,57600.0,a PhD,low,medium,57667.156150279625,58980.42034615195,open,236002
Marc,41994.96903666581,57000,48000.0,a PhD,low,low,57667.156150279625,59408.51027401449,open,236002
Camilla,52881.58596877008,58000,60480.0,a Master's degree,medium,medium,57667.156150279625,58198.88617044735,open,236002
Max,72484.65086293712,58672,80640.0,a PhD,high,medium,57667.156150279625,56020.76784887324,open,236002
Caroline,59260.1733086616,6116,69120.0,a PhD,medium,medium,57667.156150279625,57490.154243792735,open,236002
Arnault,67609.86964766751,69000,67200.0,a PhD,high,low,64814.82190070251,64504.26103992862,open,27860
Roberta,80482.29075674502,The salary they agreed on is 79000,60480.0,a Master's degree,medium,medium,64814.82190070251,63073.9920278089,open,27860
Andreas,48197.9535536756,58000,60480.0,a Bachelor's degree,high,medium,64814.82190070251,66661.14060592774,open,27860
Anna,51929.40823509251,57500,50400.0,a Bachelor's degree,high,low,64814.82190070251,66246.53453021473,open,27860
Josh,81135.00492859467,71040,70560.0,a Master's degree,medium,high,64814.82190070251,63001.46823093671,open,27860
Sabrina,58300.79290522425,59000,57600.0,a PhD,low,medium,64814.82190070251,65538.6029002001,open,27860
Marc,55553.208930049244,58000,58799.99999999999,a Master's degree,low,high,64814.82190070251,65843.89000855287,open,27860
Camilla,75124.83145669912,70000,67200.0,a PhD,low,high,64814.82190070251,63669.26528336956,open,27860
Max,56368.6055579211,57000,51840.0,a Bachelor's degree,medium,medium,64814.82190070251,65753.29038323378,open,27860
Caroline,73446.25303535612,55000,51840.0,a Bachelor's degree,medium,medium,64814.82190070251,63855.773996852105,open,27860
Arnault,41545.90598330093,42000,42000.0,high school,low,high,56958.826940108775,58671.373713087436,open,62522
Roberta,36864.368380161155,56650,43200.0,a Bachelor's degree,low,medium,56958.826940108775,59191.54455788074,open,62522
Andreas,98557.23769774441,93500,80640.0,a PhD,high,medium,56958.826940108775,52336.781300371484,open,62522
Anna,64771.99251212677,53000,60480.0,a Bachelor's degree,high,medium,56958.826940108775,56090.697432106776,open,62522
Josh,63221.1235876059,55000,60480.0,a Master's degree,medium,medium,56958.826940108775,56263.01620149799,open,62522
Sabrina,44887.32475004507,53560,42000.0,high school,low,high,56958.826940108775,58300.10496122696,open,62522
Marc,79847.2505026269,82325,70559.99999999999,a Master's degree,high,medium,56958.826940108775,54415.668766495655,open,62522
Camilla,53968.16833200522,56000,51840.0,a Bachelor's degree,medium,medium,56958.826940108775,57291.12234100918,open,62522
Max,40894.42151968485,41200,36000.0,high school,medium,low,56958.826940108775,58743.760875711436,open,62522
Caroline,45030.476135786565,46821,60480.0,a Bachelor's degree,high,medium,56958.826940108775,58284.19925170014,open,62522
Arnault,64240.28568475774,45000,43200.0,a Bachelor's degree,medium,low,57131.76047649358,56341.924342242004,open,64293
Roberta,46355.99353997671,52500,50400.0,high school,medium,high,57131.76047649358,58329.06791388435,open,64293
Andreas,67235.72012459997,74500,80640.0,a PhD,high,medium,57131.76047649358,56009.09829337065,open,64293
Anna,39630.873682633974,51750,48000.0,a PhD,low,low,57131.76047649358,59076.30345358909,open,64293
Josh,56228.666201367596,57000,43200.0,a Bachelor's degree,medium,low,57131.76047649358,57232.104284840905,open,64293
Sabrina,38278.68450578081,52000,36000.0,high school,medium,low,57131.76047649358,59226.546695461664,open,64293
Marc,66169.2246176237,58000,58799.99999999999,a Master's degree,low,high,57131.76047649358,56127.59779414578,open,64293
Camilla,60690.81173115675,50000,50400.0,high school,medium,high,57131.76047649358,56736.31033708656,open,64293
Max,71359.95106995739,62500,70559.99999999999,a Master's degree,high,medium,57131.76047649358,55550.850410553154,open,64293
Caroline,61127.3936070811,43500,42000.0,high school,high,low,57131.76047649358,56687.80123976163,open,64293
Arnault,26719.23837401161,47000,30000.0,high school,low,low,59238.167558227164,62851.3819120289,open,391863
Roberta,81019.84960919766,49000,51840.0,a Bachelor's degree,medium,medium,59238.167558227164,56817.98066367489,open,391863
Andreas,123763.23572059152,70000,80640.0,a PhD,medium,high,59238.167558227164,52068.715540186684,open,391863
Anna,38396.37384486614,53,42000.0,high school,high,low,59238.167558227164,61553.922415267276,open,391863
Josh,52391.340390864585,53000,48000.0,a PhD,low,low,59238.167558227164,59998.926132378554,open,391863
Sabrina,46038.98049683202,49200,50400.0,high school,medium,high,59238.167558227164,60704.74389838218,open,391863
Marc,60295.80199326604,52000,57600.0,a PhD,low,medium,59238.167558227164,59120.65262100062,open,391863
Camilla,40314.14838108132,44000,42000.0,a Master's degree,low,low,59238.167558227164,61340.83635568782,open,391863
Max,52717.97044621229,52000,43200.0,a Bachelor's degree,low,medium,59238.167558227164,59962.633904006594,open,391863
Caroline,70724.73632534844,73000,70560.0,a Master's degree,medium,high,59238.167558227164,57961.88213965813,open,391863
Arnault,26821.888642675953,40000,30000.0,high school,low,low,51123.52720695629,53823.70926965411,open,51851537
Roberta,43498.419486382525,57000,36000.0,a Bachelor's degree,low,low,51123.52720695629,51970.76139813116,open,51851537
Andreas,39409.849383703964,54000,50400.0,a Bachelor's degree,high,low,51123.52720695629,52425.04696509544,open,51851537
Anna,67258.66242769809,65000,69120.0,a PhD,medium,medium,51123.52720695629,49330.73440465165,open,51851537
Josh,45824.52404241993,51000,50400.0,high school,high,medium,51123.52720695629,51712.30533634922,open,51851537
Sabrina,67525.13953399991,55000,50400.0,a Master's degree,medium,low,51123.52720695629,49301.12583728478,open,51851537
Marc,60380.25250238022,62192,70560.0,a Bachelor's degree,high,high,51123.52720695629,50095.00217413141,open,51851537
Camilla,40937.86972465176,46000,42000.0,a Master's degree,low,low,51123.52720695629,52255.26692721235,open,51851537
Max,33601.33322640572,38650,42000.0,a Master's degree,low,low,51123.52720695629,53070.43764923969,open,51851537
Caroline,85977.33309924488,93312,94080.0,a PhD,high,high,51123.52720695629,47250.882107813115,open,51851537
Arnault,81676.22863249612,81000,80640.0,a PhD,high,medium,57780.32455560456,55125.22410261661,open,25603319
Roberta,58955.01169110302,49200,50400.0,a Bachelor's degree,low,high,57780.32455560456,57649.80376277139,open,25603319
Andreas,58778.281829928805,56000,60480.0,a Bachelor's degree,high,medium,57780.32455560456,57669.44041401297,open,25603319
Anna,78656.10528957869,78500,69120.0,a PhD,medium,medium,57780.32455560456,55460.79336294076,open,25603319
Josh,45501.21038908664,56000,51840.0,a Bachelor's degree,medium,medium,57780.32455560456,59144.670574106545,open,25603319
Sabrina,65393.43729232031,55500,70560.0,a Bachelor's degree,high,high,57780.32455560456,56934.423140413914,open,25603319
Marc,30137.81245569469,34000,36000.0,high school,low,medium,57780.32455560456,60851.71478892788,open,25603319
Camilla,32907.52950493267,36000,36000.0,high school,medium,low,57780.32455560456,60543.96845012365,open,25603319
Max,48317.92458421981,49000,42000.0,high school,low,high,57780.32455560456,58831.70233020286,open,25603319
Caroline,77479.70388668486,59500,60480.0,a Master's degree,medium,medium,57780.32455560456,55591.50462992897,open,25603319
Arnault,53223.121836171835,62500,57600.0,a PhD,medium,low,55184.91554455063,55402.89262325939,open,2831362
Roberta,45924.69279901635,51500,50400.0,high school,high,medium,55184.91554455063,56213.82918294333,open,2831362
Andreas,44089.415123573934,52000,51840.0,a Bachelor's degree,medium,medium,55184.91554455063,56417.74892465916,open,2831362
Anna,86072.5857475039,88600,67200.0,a PhD,low,high,55184.91554455063,51752.95218866694,open,2831362
Josh,27956.50605926175,48000,42000.0,a Master's degree,low,low,55184.91554455063,58210.294376249396,open,2831362
Sabrina,51106.92052701547,52275,43200.0,a Bachelor's degree,medium,low,55184.91554455063,55638.026102054544,open,2831362
Marc,66920.57642712114,75000,82319.99999999999,a Master's degree,high,high,55184.91554455063,53880.953224265024,open,2831362
Camilla,66176.48538585941,55000,50400.0,a Master's degree,medium,low,55184.91554455063,53963.63000662744,open,2831362
Max,69797.05183140433,70500,69120.0,a PhD,medium,medium,55184.91554455063,53561.344846011336,open,2831362
Caroline,40581.79970857816,57000,42000.0,a Master's degree,low,low,55184.91554455063,56807.4839707698,open,2831362
Arnault,53906.85205515156,52000,50400.0,a Bachelor's degree,low,high,59314.022503449,59914.81921992649,open,2094318
Roberta,115503.2085661531,110000,94080.0,a PhD,high,high,59314.022503449,53070.779607592995,open,2094318
Andreas,55081.598420006034,50000,50400.0,high school,high,medium,59314.022503449,59784.29184605378,open,2094318
Anna,46994.27107572619,56750,42000.0,high school,high,low,59314.022503449,60682.88377319599,open,2094318
Josh,65244.9603212977,67106,60479.99999999999,a Bachelor's degree,medium,high,59314.022503449,58655.029412576914,open,2094318
Sabrina,33580.15806412001,38000,42000.0,a Master's degree,low,low,59314.022503449,62173.34077448556,open,2094318
Marc,64724.05978838617,60000,80640.0,a PhD,high,medium,59314.022503449,58712.907249567084,open,2094318
Camilla,43650.629053588775,50625,48000.0,a PhD,low,low,59314.022503449,61054.399553433475,open,2094318
Max,55018.27225129154,56000,50400.0,high school,medium,high,59314.022503449,59791.32808702205,open,2094318
Caroline,59436.21543876894,48600,43200.0,a Bachelor's degree,low,medium,59314.022503449,59300.44551063567,open,2094318
Arnault,35760.39027382315,36500,36000.0,a Bachelor's degree,low,low,49100.5248828511,50582.762061631984,open,21136
Roberta,37540.59706467959,53000,42000.0,high school,high,low,49100.5248828511,50384.96130709238,open,21136
Andreas,70009.76738967128,57000,70560.0,a Master's degree,medium,high,49100.5248828511,46777.27571542664,open,21136
Anna,57632.89808642077,62000,80640.0,a PhD,high,medium,49100.5248828511,48152.48341578781,open,21136
Josh,33222.61313992923,50000,42000.0,high school,high,low,49100.5248828511,50864.737298731314,open,21136
Sabrina,36869.80278516806,43000,50400.0,a Bachelor's degree,low,high,49100.5248828511,50459.49400481589,open,21136
Marc,75787.85361828117,55000,82319.99999999999,a Master's degree,high,high,49100.5248828511,46135.26613446999,open,21136
Camilla,57572.24271388806,58500,36000.0,high school,medium,low,49100.5248828511,48159.22290162477,open,21136
Max,48488.465252183785,43000,42000.0,high school,low,high,49100.5248828511,49168.53150848081,open,21136
Caroline,38120.61850446597,52000,36000.0,high school,medium,low,49100.5248828511,50320.514480449456,open,21136
Arnault,62065.98142013943,58215,82319.99999999999,a Master's degree,high,high,50631.1352717915,49360.59681086396,open,5774953
Roberta,33935.31384968456,47500,50400.0,a Bachelor's degree,low,high,50631.1352717915,52486.2265409145,open,5774953
Andreas,47622.54606137258,48352,51840.0,a Bachelor's degree,medium,medium,50631.1352717915,50965.42296183805,open,5774953
Anna,40750.10874403159,41000,42000.0,high school,high,low,50631.1352717915,51729.02710820927,open,5774953
Josh,65363.170035097646,50200,50400.0,a Bachelor's degree,low,high,50631.1352717915,48994.24252031304,open,5774953
Sabrina,58607.27707989145,58000,82319.99999999999,a Master's degree,high,high,50631.1352717915,49744.897293113725,open,5774953
Marc,57940.26816133039,57000,60480.0,a Bachelor's degree,high,medium,50631.1352717915,49819.00939517607,open,5774953
Camilla,49132.75521123163,66500,69120.0,a PhD,medium,medium,50631.1352717915,50797.62194518704,open,5774953
Max,42111.49305589061,50000,50400.0,a Master's degree,medium,low,50631.1352717915,51577.76218466938,open,5774953
Caroline,48782.43909924513,55000,42000.0,high school,high,low,50631.1352717915,50836.54595762999,open,5774953
Arnault,73573.61770755595,75100,69120.0,a PhD,medium,medium,54886.08137641531,52809.688450733025,open,6878159
Roberta,86070.71530281047,73780,70560.0,a Bachelor's degree,high,high,54886.08137641531,51421.122051260296,open,6878159
Andreas,52095.29604279524,42400,42000.0,high school,low,high,54886.08137641531,55196.16863570644,open,6878159
Anna,51430.7840457688,55000,60480.0,a Bachelor's degree,high,medium,54886.08137641531,55270.00330204271,open,6878159
Josh,46706.72895405843,56000,57600.0,a PhD,medium,low,54886.08137641531,55794.89831223275,open,6878159
Sabrina,34182.22956597591,40000,42000.0,high school,high,low,54886.08137641531,57186.50935535303,open,6878159
Marc,55404.862427940156,54000,57600.0,a PhD,low,medium,54886.08137641531,54828.439037357006,open,6878159
Camilla,40486.83327014841,58000,58799.99999999999,a Master's degree,high,low,54886.08137641531,56485.99783266719,open,6878159
Max,33931.1788303845,35300,36000.0,high school,low,medium,54886.08137641531,57214.40388152985,open,6878159
Caroline,74978.56761671526,65000,69120.0,a PhD,medium,medium,54886.08137641531,52653.58290527088,open,6878159
Arnault,41707.55302456388,46000,43200.0,a Bachelor's degree,low,medium,60193.580562713265,62247.58362250765,open,25151
Roberta,84272.65035511184,70560,70560.0,a Master's degree,medium,high,60193.580562713265,57518.12836355787,open,25151
Andreas,51046.1203026168,43000,43200.0,high school,medium,medium,60193.580562713265,61209.965036057314,open,25151
Anna,30426.027134641725,36000,36000.0,a Bachelor's degree,low,low,60193.580562713265,63501.086499165656,open,25151
Josh,42831.45580843807,44000,50400.0,a Master's degree,low,medium,60193.580562713265,62122.70553541052,open,25151
Sabrina,35489.490675639136,46500,43200.0,high school,medium,medium,60193.580562713265,62938.479439054834,open,25151
Marc,33333.5926199329,41370,42000.0,high school,high,low,60193.580562713265,63178.023667466645,open,25151
Camilla,65363.45615998259,52500,51840.0,a Bachelor's degree,medium,medium,60193.580562713265,59619.14994079445,open,25151
Max,177842.2170951011,96000,94080.0,a PhD,high,high,60193.580562713265,47121.509836892394,open,25151
Caroline,39623.24245110459,41624,36000.0,high school,low,medium,60193.580562713265,62479.173686225346,open,25151
Arnault,51721.8322484938,48000,48000.0,a PhD,low,low,62448.20665651343,63640.02603518228,open,198347
Roberta,57366.24389660755,58000,50400.0,high school,medium,high,62448.20665651343,63012.869185391864,open,198347
Andreas,68480.02514503809,37000,70559.99999999999,a Master's degree,high,medium,62448.20665651343,61778.00460223292,open,198347
Anna,50755.11209774755,47000,43200.0,a Bachelor's degree,medium,low,62448.20665651343,63747.4393852652,open,198347
Josh,60469.36217703904,64000,50400.0,a Master's degree,medium,low,62448.20665651343,62668.078265343924,open,198347
Sabrina,46256.61598523468,49350,50400.0,high school,medium,high,62448.20665651343,64247.27228665551,open,198347
Marc,86832.46706455068,75000,82319.99999999999,a Master's degree,high,high,62448.20665651343,59738.84438895373,open,198347
Camilla,78570.2102582749,60000,70560.0,a Bachelor's degree,high,high,62448.20665651343,60656.87292298438,open,198347
Max,79384.46560114108,60,70560.0,a Bachelor's degree,high,high,62448.20665651343,60566.400107110356,open,198347
Caroline,44645.73209100692,50400,50400.0,high school,high,medium,62448.20665651343,64426.25938601416,open,198347
Arnault,72975.16284563832,83000,82319.99999999999,a Master's degree,high,high,55745.42496936252,53831.00964977631,open,24500
Roberta,48979.42687436387,66000,70560.0,a Master's degree,medium,high,55745.42496936252,56497.20253547348,open,24500
Andreas,50412.53412332468,56600,60480.0,a Bachelor's degree,high,medium,55745.42496936252,56337.96839670005,open,24500
Anna,44269.656367670046,48500,51840.0,a Bachelor's degree,medium,medium,55745.42496936252,57020.51036955057,open,24500
Josh,69351.43391532698,54000,60479.99999999999,a Bachelor's degree,medium,high,55745.42496936252,54233.646197588685,open,24500
Sabrina,55356.688303256335,50300,50400.0,a Bachelor's degree,low,high,55745.42496936252,55788.6179322632,open,24500
Marc,38573.71498165041,55000,57600.0,a PhD,low,medium,55745.42496936252,57653.39274577497,open,24500
Camilla,43510.82375229626,58000,58799.99999999999,a Master's degree,high,low,55745.42496936252,57104.8251045921,open,24500
Max,72720.29503367802,75000,80640.0,a PhD,high,medium,55745.42496936252,53859.32829554968,open,24500
Caroline,61304.51349642024,55000,58799.99999999999,high school,high,high,55745.42496936252,55127.748466356104,open,24500
Arnault,51088.688350402444,57600,57600.0,a PhD,low,medium,53182.69323563793,53415.36044510854,open,62074
Roberta,38251.18568187663,39000,50400.0,high school,medium,high,53182.69323563793,54841.7496305003,open,62074
Andreas,84537.30247611865,69000,69120.0,a PhD,medium,medium,53182.69323563793,49698.84776447341,open,62074
Anna,97750.69754189375,80000,80640.0,a PhD,high,medium,53182.69323563793,48230.69275716507,open,62074
Josh,28746.825814826643,52000,42000.0,high school,low,high,53182.69323563793,55897.78961572808,open,62074
Sabrina,30598.825995959887,35000,42000.0,high school,low,high,53182.69323563793,55692.01181782439,open,62074
Marc,59756.892831201454,54820,60480.0,a Bachelor's degree,high,medium,53182.69323563793,52452.22661390866,open,62074
Camilla,56956.786839259585,42000,36000.0,high school,low,medium,53182.69323563793,52763.3495019022,open,62074
Max,31301.058442876798,33000,30000.0,high school,low,low,53182.69323563793,55613.98599038917,open,62074
Caroline,52838.66838196355,42000,42000.0,high school,high,low,53182.69323563793,53220.91821937953,open,62074
Arnault,35685.100068934036,50000,42000.0,high school,high,low,58351.86899140052,60870.39887167458,open,948266
Roberta,58914.04213899825,58000,60480.0,a Bachelor's degree,high,medium,58351.86899140052,58289.405308334106,open,948266
Andreas,39685.69524815725,40000,30000.0,high school,low,low,58351.86899140052,60425.88829620533,open,948266
Anna,52858.275603588205,56000,60479.99999999999,a Bachelor's degree,medium,high,58351.86899140052,58962.268256713,open,948266
Josh,65117.94556380042,60000,67200.0,a PhD,high,low,58351.86899140052,57600.082705578316,open,948266
Sabrina,45883.29048141499,47730,43200.0,high school,medium,medium,58351.86899140052,59737.26660362114,open,948266
Marc,59214.369040213955,50000,58799.99999999999,a Master's degree,low,high,58351.86899140052,58256.03565264347,open,948266
Camilla,78160.18012645227,81000,80640.0,a PhD,medium,high,58351.86899140052,56150.94553195033,open,948266
Max,81144.01056171219,57500,57600.0,a PhD,low,medium,58351.86899140052,55819.408816921445,open,948266
Caroline,66855.78108073365,53000,50400.0,high school,medium,high,58351.86899140052,57406.98987036351,open,948266
Arnault,55731.21014019973,45000,43200.0,a Bachelor's degree,medium,low,54464.18516931345,54323.40461699275,open,704597
Roberta,25636.466657877172,34500,36000.0,high school,medium,low,54464.18516931345,57667.26500391748,open,704597
Andreas,50142.666291641064,55000,48000.0,a PhD,low,low,54464.18516931345,54944.353933499275,open,704597
Anna,50503.88012479959,56000,60479.99999999999,a Bachelor's degree,medium,high,54464.18516931345,54904.21906314833,open,704597
Josh,38373.43671542514,50000,50400.0,high school,medium,high,54464.18516931345,56252.04610863438,open,704597
Sabrina,85656.42886837755,63360,57600.0,a PhD,medium,low,54464.18516931345,50998.38031386188,open,704597
Marc,62965.18254025076,66725,70560.0,a Bachelor's degree,high,high,54464.18516931345,53519.629905875976,open,704597
Camilla,67350.39087425127,54600,70560.0,a Master's degree,medium,high,54464.18516931345,53032.384535431476,open,704597
Max,22705.899915795242,48000,30000.0,high school,low,low,54464.18516931345,57992.883530815474,open,704597
Caroline,85576.28956451699,80000,94080.0,a PhD,high,high,54464.18516931345,51007.284680957506,open,704597
Arnault,39516.23404959469,48000,42000.0,a Master's degree,low,low,56333.963125769864,58202.59968978933,open,70200
Roberta,25060.575457022183,48500,43200.0,a Bachelor's degree,low,medium,56333.963125769864,59808.78397785294,open,70200
Andreas,75983.58172587115,57000,58799.99999999999,a Master's degree,low,high,56333.963125769864,54150.672170203055,open,70200
Anna,63926.686884149654,65300,50400.0,a Bachelor's degree,high,low,56333.963125769864,55490.32715261655,open,70200
Josh,82369.79284172751,62000,60480.0,a Bachelor's degree,high,medium,56333.963125769864,53441.09315733013,open,70200
Sabrina,39531.33507088295,43000,43200.0,high school,medium,medium,56333.963125769864,58200.92179853508,open,70200
Marc,64560.74019848566,57500,67200.0,a PhD,low,high,56333.963125769864,55419.876784356995,open,70200
Camilla,67594.09419889137,56000,70559.99999999999,a Master's degree,high,medium,56333.963125769864,55082.837450978586,open,70200
Max,74686.34915615007,62000,70559.99999999999,a Master's degree,high,medium,56333.963125769864,54294.80912239428,open,70200
Caroline,30110.24167492341,37000,36000.0,a Bachelor's degree,low,low,56333.963125769864,59247.709953641686,open,70200
